,Time,Constant
Time,3.6535949064102286e-05,-0.00019663723485717732
Constant,-0.00019663723485717732,0.0010932321172762243
