,Time,Constant
Time,1.6336308486462952e-07,-4.8028746950201075e-05
Constant,-4.8028746950201075e-05,0.018811259222162088
